region,comuna
Región de Arica y Parinacota,Arica
Región de Arica y Parinacota,Camarones
Región de Arica y Parinacota,Putre
Región de Arica y Parinacota,General Lagos
Región de Tarapacá,Iquique
Región de Tarapacá,Alto Hospicio
Región de Tarapacá,Pozo Almonte
Región de Tarapacá,Pica
Región de Tarapacá,Huara
Región de Tarapacá,Camiña
Región de Tarapacá,Colchane
Región de Antofagasta,Antofagasta
Región de Antofagasta,Mejillones
Región de Antofagasta,Sierra Gorda
Región de Antofagasta,Taltal
Región de Antofagasta,Calama
Región de Antofagasta,Ollagüe
Región de Antofagasta,San Pedro de Atacama
Región de Atacama,La Serena
Región de Atacama,Coquimbo
Región de Atacama,Andacollo
Región de Atacama,La Higuera
Región de Atacama,Vallenar
Región de Atacama,Freirina
Región de Atacama,Chañaral
Región de Coquimbo,Ovalle
Región de Coquimbo,Illapel
Región de Coquimbo,Los Vilos
Región de Coquimbo,Salamanca
Región de Valparaíso,Valparaíso
Región de Valparaíso,Vina del Mar
Región de Valparaíso,Quillota
Región de Valparaíso,San Antonio
Región de Valparaíso,San Felipe
Región de Valparaíso,Los Andes
Región de Valparaíso,Petorca
Metropolitana de Santiago,Alhué
Metropolitana de Santiago,Buin
Metropolitana de Santiago,Cajón del Maipo
Metropolitana de Santiago,Calera de Tango
Metropolitana de Santiago,Cerro Navia
Metropolitana de Santiago,Colina
Metropolitana de Santiago,Conchalí
Metropolitana de Santiago,Curacaví
Metropolitana de Santiago,El Bosque
Metropolitana de Santiago,El Monte
Metropolitana de Santiago,Estación Central
Metropolitana de Santiago,Huechuraba
Metropolitana de Santiago,Independencia
Metropolitana de Santiago,Isla de Maipo
Metropolitana de Santiago,La Cisterna
Metropolitana de Santiago,La Florida
Metropolitana de Santiago,La Granja
Metropolitana de Santiago,La Pintana
Metropolitana de Santiago,Lampa
Metropolitana de Santiago,Las Condes
Metropolitana de Santiago,Lo Barnechea
Metropolitana de Santiago,Lo Espejo
Metropolitana de Santiago,Lo Prado
Metropolitana de Santiago,Maipú
Metropolitana de Santiago,Ñuñoa
Metropolitana de Santiago,Pedro Aguirre Cerda
Metropolitana de Santiago,Peñaflor
Metropolitana de Santiago,Peñalolén
Metropolitana de Santiago,Providencia
Metropolitana de Santiago,Pudahuel
Metropolitana de Santiago,Quilicura
Metropolitana de Santiago,Quinta Normal
Metropolitana de Santiago,Recoleta
Metropolitana de Santiago,Renca
Metropolitana de Santiago,San Bernardo
Metropolitana de Santiago,San Joaquín
Metropolitana de Santiago,San José de Maipo
Metropolitana de Santiago,San Miguel
Metropolitana de Santiago,San Ramón
Metropolitana de Santiago,Santiago
Metropolitana de Santiago,Vitacura
